id	pos	ref	alt	maf
S09_303601	303601	T	C	0.4078
S09_362502	362502	G	A	0.2835
S09_946437	946437	G	T	0.2709
S09_996984	996984	G	A	0.493
S09_1286694	1286694	A	G	0.0615
S09_1970313	1970313	C	G	0.0754
S09_2097469	2097469	A	T	0.0922
S09_2203288	2203288	G	A	0.067
S09_3119892	3119892	T	C	0.2402
S09_3258865	3258865	G	C	0.2025
S09_3272831	3272831	C	T	0.345
S09_4513001	4513001	G	A	0.2668
S09_5214434	5214434	G	A	0.2151
S09_5377383	5377383	G	A	0.3436
S09_6507020	6507020	G	A	0.4176
S09_7233384	7233384	T	A	0.0782
S09_7301005	7301005	T	C	0.2179
S09_7328385	7328385	C	T	0.1229
S09_7357471	7357471	G	A	0.1411
S09_7956719	7956719	G	A	0.3142
S09_7962830	7962830	G	A	0.3422
S09_8048244	8048244	G	A	0.1089
S09_8568068	8568068	C	G	0.3324
S09_8785233	8785233	T	C	0.3715
S09_8976195	8976195	G	A	0.088
S09_8994569	8994569	G	T	0.0615
S09_9142009	9142009	A	T	0.067
S09_9190934	9190934	G	A	0.419
S09_9231574	9231574	T	C	0.2849
S09_10318013	10318013	T	C	0.0712
S09_10564492	10564492	T	C	0.3547
S09_12085396	12085396	A	C	0.0992
S09_12103813	12103813	G	A	0.1592
S09_12232144	12232144	A	G	0.1648
S09_13546547	13546547	C	A	0.0768
S09_17302842	17302842	G	C	0.0531
S09_18233292	18233292	C	A	0.0754
S09_18286024	18286024	A	G	0.2123
S09_18356521	18356521	G	C	0.3268
S09_19243317	19243317	C	T	0.0587
S09_19382833	19382833	A	G	0.0796
S09_20186690	20186690	G	A	0.074
S09_21938779	21938779	C	A	0.4092
S09_21942411	21942411	T	G	0.1369
S09_22165241	22165241	A	T	0.3268
S09_22327464	22327464	A	G	0.3659
S09_23070138	23070138	G	A	0.2277
S09_23557017	23557017	G	A	0.4078
S09_24077903	24077903	C	T	0.3799
S09_24121298	24121298	G	C	0.3352
S09_24121370	24121370	G	A	0.3547
S09_24382577	24382577	G	A	0.0559
S09_24963638	24963638	C	T	0.1355
S09_25036754	25036754	C	A	0.1844
S09_26067726	26067726	A	C	0.0712
S09_26097644	26097644	G	C	0.3534
S09_26488857	26488857	C	T	0.338
S09_27232651	27232651	A	G	0.3631
S09_27477172	27477172	G	C	0.0628
S09_31059194	31059194	A	C	0.3645
S09_31059222	31059222	A	G	0.3659
S09_31363207	31363207	T	C	0.3771
S09_32359452	32359452	G	A	0.3198
S09_33051319	33051319	G	T	0.0754
S09_36072363	36072363	T	C	0.3827
S09_36918487	36918487	C	T	0.0964
S09_37415751	37415751	C	T	0.3534
S09_37644034	37644034	C	G	0.1578
S09_37741574	37741574	G	T	0.3827
S09_39427708	39427708	G	A	0.1425
S09_40267586	40267586	A	G	0.2654
S09_40609611	40609611	C	T	0.0768
S09_40654056	40654056	C	T	0.2961
S09_40892356	40892356	G	A	0.1173
S09_41590935	41590935	G	A	0.2863
S09_42182123	42182123	G	A	0.2821
S09_42237394	42237394	A	G	0.4567
S09_42573926	42573926	T	A	0.4358
S09_43609850	43609850	G	C	0.2961
S09_45458421	45458421	C	T	0.1732
S09_45474554	45474554	A	G	0.1941
S09_45957222	45957222	A	G	0.3422
S09_46520334	46520334	C	T	0.162
S09_47237728	47237728	G	A	0.0531
S09_48194273	48194273	G	C	0.0545
S09_49398099	49398099	C	A	0.1606
S09_49764388	49764388	G	A	0.0587
S09_50168305	50168305	C	G	0.2458
S09_50961156	50961156	G	A	0.1369
S09_51158425	51158425	T	A	0.3226
S09_51206243	51206243	C	T	0.1173
S09_52694863	52694863	G	T	0.4595
S09_52957570	52957570	C	T	0.1494
S09_53700321	53700321	G	C	0.0754
S09_55208656	55208656	T	C	0.1089
S09_55345001	55345001	C	G	0.0754
S09_56049337	56049337	A	T	0.1648
S09_56336519	56336519	T	C	0.1327
S09_56882258	56882258	C	A	0.0615
S09_57298293	57298293	G	A	0.1508
