id	pos	ref	alt
S01_68124	68124	T	C
S01_74871	74871	C	T
S01_138976	138976	G	A
S01_195737	195737	T	A
S01_240761	240761	G	T
S01_250389	250389	C	T
S01_588550	588550	G	A
S01_697306	697306	A	G
S01_825164	825164	T	A
S01_849080	849080	A	T
S01_938685	938685	C	G
S01_1138908	1138908	A	G
S01_1141011	1141011	T	C
S01_1279593	1279593	A	G
S01_1433565	1433565	A	T
S01_1572238	1572238	G	C
S01_2274118	2274118	G	A
S01_2280616	2280616	G	A
S01_2313810	2313810	T	C
S01_2468047	2468047	G	C
S01_2663662	2663662	A	T
S01_2923351	2923351	G	T
S01_3021098	3021098	A	T
S01_3140573	3140573	G	C
S01_3164169	3164169	C	T
S01_3225818	3225818	C	T
S01_3329897	3329897	A	T
S01_3389135	3389135	C	G
S01_3423886	3423886	T	G
S01_3470302	3470302	A	G
S01_3725497	3725497	G	A
S01_3739224	3739224	C	T
S01_3877463	3877463	G	A
S01_4046929	4046929	G	T
S01_4087913	4087913	T	C
S01_4154463	4154463	T	C
S01_4212231	4212231	G	A
S01_4826137	4826137	G	A
S01_5100923	5100923	T	C
S01_5245837	5245837	A	G
S01_5413947	5413947	C	G
S01_5429717	5429717	A	G
S01_5502988	5502988	C	G
S01_5593509	5593509	A	G
S01_5753878	5753878	C	T
S01_5965012	5965012	A	G
S01_6027452	6027452	A	G
S01_6034803	6034803	C	T
S01_6132421	6132421	A	C
S01_6145874	6145874	C	A
S01_6252285	6252285	A	G
S01_6473107	6473107	G	A
S01_6473373	6473373	C	T
S01_6475718	6475718	C	A
S01_6521868	6521868	G	A
S01_6527865	6527865	T	C
S01_6663124	6663124	T	C
S01_6923070	6923070	C	T
S01_7141257	7141257	C	T
S01_7228563	7228563	A	T
S01_7260188	7260188	A	G
S01_7300689	7300689	A	G
S01_7357759	7357759	T	G
S01_7375838	7375838	A	T
S01_7387412	7387412	T	C
S01_7649351	7649351	G	A
S01_7650769	7650769	A	G
S01_7725466	7725466	A	G
S01_7847284	7847284	A	C
S01_7867728	7867728	A	G
S01_7902446	7902446	G	A
S01_8131362	8131362	T	C
S01_8454314	8454314	C	T
S01_8612209	8612209	G	A
S01_8672642	8672642	T	G
S01_8672695	8672695	G	A
S01_8707530	8707530	G	A
S01_8737475	8737475	G	A
S01_8757510	8757510	C	G
S01_8776387	8776387	G	A
S01_8821532	8821532	G	C
S01_8833493	8833493	C	T
S01_8957823	8957823	C	G
S01_8991045	8991045	T	C
S01_9006041	9006041	C	G
S01_9175575	9175575	C	T
S01_9273942	9273942	A	G
S01_9371651	9371651	G	T
S01_9547369	9547369	C	A
S01_9569787	9569787	C	T
S01_9684382	9684382	C	T
S01_9821254	9821254	C	G
S01_9949283	9949283	C	T
S01_9963496	9963496	A	G
S01_10052270	10052270	A	G
S01_10102667	10102667	A	G
S01_10126711	10126711	C	T
S01_10295459	10295459	G	A
S01_10299539	10299539	C	T
S01_10468231	10468231	T	C
S01_10570910	10570910	A	G
S01_10678381	10678381	C	T
S01_10721251	10721251	G	A
S01_10742841	10742841	A	G
S01_11030921	11030921	T	C
S01_11088579	11088579	A	T
S01_11116733	11116733	T	C
S01_11164083	11164083	G	A
S01_11173712	11173712	C	G
S01_11191849	11191849	A	G
S01_11238506	11238506	A	G
S01_11541675	11541675	G	A
S01_11570040	11570040	C	T
S01_11697448	11697448	C	T
S01_11720228	11720228	T	G
S01_11899851	11899851	T	C
S01_11966663	11966663	G	A
S01_12065454	12065454	A	G
S01_12087601	12087601	G	A
S01_12095030	12095030	G	A
S01_12140254	12140254	T	C
S01_12267379	12267379	C	A
S01_12629711	12629711	A	T
S01_12693503	12693503	C	T
S01_12702027	12702027	G	T
S01_12796370	12796370	G	T
S01_12922665	12922665	G	A
S01_12932958	12932958	G	A
S01_12960031	12960031	A	G
S01_12994959	12994959	G	A
S01_13176643	13176643	C	T
S01_13194118	13194118	C	T
S01_13225740	13225740	A	G
S01_13467543	13467543	G	C
S01_13470117	13470117	G	A
S01_13534591	13534591	T	A
S01_13546081	13546081	A	T
S01_13548659	13548659	G	T
S01_14168557	14168557	A	G
S01_14229176	14229176	T	C
S01_14229189	14229189	G	A
S01_14250913	14250913	C	G
S01_14698203	14698203	C	T
S01_14755581	14755581	C	G
S01_14852566	14852566	G	A
S01_14864312	14864312	C	G
S01_14995988	14995988	G	A
S01_14997032	14997032	G	A
S01_15001759	15001759	C	T
S01_15027347	15027347	T	A
S01_15255230	15255230	T	C
S01_15283045	15283045	T	C
S01_15419011	15419011	T	A
S01_15439162	15439162	T	C
S01_15480197	15480197	T	C
S01_15538844	15538844	T	A
S01_15658709	15658709	T	C
S01_15852969	15852969	C	A
S01_15854801	15854801	T	C
S01_16043238	16043238	C	T
S01_16404157	16404157	G	A
S01_16433067	16433067	G	A
S01_16632208	16632208	T	C
S01_16961008	16961008	C	T
S01_17012176	17012176	T	C
S01_17051592	17051592	C	A
S01_17085672	17085672	T	C
S01_17236478	17236478	C	A
S01_17398304	17398304	G	A
S01_17428180	17428180	C	T
S01_17429200	17429200	G	A
S01_17453161	17453161	A	G
S01_17542970	17542970	A	G
S01_17587954	17587954	C	T
S01_17625336	17625336	C	T
S01_17625338	17625338	G	A
S01_17756310	17756310	C	A
S01_17828038	17828038	G	A
S01_17847297	17847297	G	A
S01_17960277	17960277	A	G
S01_17960310	17960310	T	C
S01_18018411	18018411	C	G
S01_18041040	18041040	A	G
S01_18176218	18176218	C	A
S01_18176556	18176556	G	A
S01_18315763	18315763	G	A
S01_18327592	18327592	A	T
S01_18519785	18519785	T	C
S01_18587737	18587737	C	T
S01_18794279	18794279	C	G
S01_18841100	18841100	C	A
S01_18841171	18841171	G	C
S01_18900024	18900024	T	A
S01_19021908	19021908	C	T
S01_19155896	19155896	G	C
S01_19299686	19299686	T	A
S01_19577490	19577490	C	T
S01_19746574	19746574	A	G
S01_19780733	19780733	A	G
S01_19834603	19834603	A	G
S01_20100503	20100503	G	A
S01_20103296	20103296	C	T
S01_20152283	20152283	T	C
S01_20331768	20331768	C	T
S01_20532831	20532831	C	T
S01_20637295	20637295	T	G
S01_21081259	21081259	T	C
S01_21084333	21084333	A	G
S01_21085420	21085420	G	A
S01_21086464	21086464	C	T
S01_21125521	21125521	G	C
S01_21144284	21144284	T	C
S01_21177697	21177697	G	T
S01_21236166	21236166	C	G
S01_21261256	21261256	A	G
S01_21445705	21445705	T	C
S01_21669800	21669800	C	T
S01_21720784	21720784	C	G
S01_21720827	21720827	G	A
S01_21722826	21722826	T	C
S01_21757069	21757069	C	T
S01_21764307	21764307	T	G
S01_21924848	21924848	G	A
S01_22038947	22038947	T	A
S01_22110230	22110230	C	A
S01_22410192	22410192	A	G
S01_22865177	22865177	A	G
S01_22926815	22926815	G	T
S01_22931451	22931451	A	G
S01_22967433	22967433	G	A
S01_22977599	22977599	A	C
S01_23091836	23091836	A	G
S01_23126678	23126678	T	C
S01_23169917	23169917	A	G
S01_23245829	23245829	T	C
S01_23343993	23343993	T	C
S01_23346316	23346316	G	C
S01_23350437	23350437	G	A
S01_23401402	23401402	T	A
S01_23491907	23491907	G	A
S01_23688437	23688437	C	T
S01_23709033	23709033	G	C
S01_23801711	23801711	T	C
S01_23814073	23814073	C	A
S01_23948825	23948825	G	C
S01_23952842	23952842	C	T
S01_23969577	23969577	A	G
S01_24127122	24127122	G	A
S01_24208889	24208889	T	C
S01_24215143	24215143	G	A
S01_24436327	24436327	C	T
S01_24466630	24466630	A	G
S01_24560738	24560738	C	G
S01_24698279	24698279	G	A
S01_24716930	24716930	G	A
S01_24716934	24716934	G	A
S01_24922558	24922558	C	T
S01_24944405	24944405	G	A
S01_25022455	25022455	A	G
S01_25022821	25022821	C	G
S01_25098514	25098514	A	C
S01_25223222	25223222	C	A
S01_25296033	25296033	A	G
S01_25296377	25296377	C	T
S01_25480026	25480026	A	G
S01_25532351	25532351	C	T
S01_25546164	25546164	A	T
S01_25668686	25668686	A	T
S01_25733379	25733379	T	C
S01_25903445	25903445	C	G
S01_25948916	25948916	G	A
S01_25970273	25970273	T	C
S01_26015253	26015253	C	A
S01_26017382	26017382	G	A
S01_26102434	26102434	G	A
S01_26167952	26167952	T	C
S01_26177552	26177552	A	C
S01_26217988	26217988	C	A
S01_26228187	26228187	G	A
S01_26232156	26232156	T	C
S01_26342284	26342284	T	C
S01_26344378	26344378	G	A
S01_26344396	26344396	A	T
S01_26402220	26402220	G	T
S01_26464744	26464744	G	A
S01_26484344	26484344	C	T
S01_26518062	26518062	T	A
S01_26518249	26518249	T	C
S01_26576944	26576944	T	C
S01_26590917	26590917	T	C
S01_26639177	26639177	A	G
S01_26679727	26679727	G	A
S01_26727063	26727063	C	T
S01_26750044	26750044	G	T
S01_26881598	26881598	A	G
S01_26887564	26887564	T	C
S01_26944188	26944188	G	A
S01_27229384	27229384	T	A
S01_27415498	27415498	G	T
S01_27559669	27559669	C	T
S01_27576682	27576682	T	A
S01_27612852	27612852	T	C
S01_27655912	27655912	T	G
S01_27693551	27693551	T	C
S01_27736619	27736619	A	C
S01_27742017	27742017	C	A
S01_27746449	27746449	T	A
S01_27758570	27758570	T	C
S01_27758616	27758616	G	A
S01_27772758	27772758	G	T
S01_27773756	27773756	G	A
S01_27776374	27776374	C	T
S01_27776942	27776942	G	A
S01_27777057	27777057	C	T
S01_27836981	27836981	G	C
S01_27836994	27836994	T	C
S01_27840701	27840701	G	A
S01_27902353	27902353	C	T
S01_27931459	27931459	C	G
S01_28034794	28034794	G	A
S01_28035661	28035661	C	G
S01_28108773	28108773	G	C
S01_28122574	28122574	C	T
S01_28125360	28125360	C	T
S01_28227067	28227067	G	C
S01_28273720	28273720	C	T
S01_28333688	28333688	G	C
S01_28365807	28365807	T	A
S01_28393118	28393118	G	C
S01_28408748	28408748	G	A
S01_28422370	28422370	G	T
S01_28422439	28422439	G	A
S01_28479320	28479320	A	G
S01_28479556	28479556	T	C
S01_28479582	28479582	G	T
S01_28485721	28485721	G	A
S01_28487837	28487837	A	G
S01_28617963	28617963	A	G
S01_28736572	28736572	C	T
S01_28809950	28809950	C	T
S01_28824166	28824166	A	G
S01_28879181	28879181	C	T
S01_28904119	28904119	C	A
S01_29116440	29116440	G	A
S01_29316101	29316101	C	G
S01_29331262	29331262	A	G
S01_29483612	29483612	C	T
S01_29549447	29549447	C	T
S01_29688439	29688439	G	T
S01_29690189	29690189	C	T
S01_29727244	29727244	C	T
S01_29730359	29730359	G	A
S01_29738022	29738022	T	C
S01_29766227	29766227	A	G
S01_29806831	29806831	A	G
S01_29840376	29840376	G	A
S01_29902193	29902193	G	A
S01_29936394	29936394	G	A
S01_30087137	30087137	T	C
S01_30164245	30164245	G	A
S01_30253970	30253970	G	C
S01_30346498	30346498	G	A
S01_30388814	30388814	A	C
S01_30411834	30411834	A	G
S01_30420965	30420965	C	T
S01_30486072	30486072	C	T
S01_30491962	30491962	T	C
S01_30501857	30501857	C	T
S01_30503593	30503593	C	T
S01_30513292	30513292	C	T
S01_30563646	30563646	C	G
S01_30626379	30626379	G	A
S01_30632732	30632732	G	T
S01_30673380	30673380	A	T
S01_30777582	30777582	G	A
S01_30812881	30812881	G	A
S01_30829638	30829638	A	T
S01_30866296	30866296	C	T
S01_30868429	30868429	G	A
S01_31045182	31045182	G	A
S01_31109339	31109339	G	A
S01_31126547	31126547	A	G
S01_31168768	31168768	T	G
S01_31285787	31285787	G	A
S01_31288515	31288515	C	T
S01_31290911	31290911	C	A
S01_31334280	31334280	C	T
S01_31419414	31419414	T	C
S01_31481925	31481925	T	A
S01_31594295	31594295	G	T
S01_31606791	31606791	G	C
S01_31610785	31610785	A	G
S01_31610829	31610829	C	T
S01_31614382	31614382	C	A
S01_31677361	31677361	C	T
S01_31757453	31757453	G	A
S01_31782263	31782263	G	A
S01_31831086	31831086	A	T
S01_31831674	31831674	T	G
S01_31897040	31897040	G	A
S01_31984500	31984500	G	A
S01_32070253	32070253	C	T
S01_32106464	32106464	G	A
S01_32163985	32163985	A	C
S01_32279710	32279710	T	G
S01_32299440	32299440	G	A
S01_32301035	32301035	A	G
S01_32355621	32355621	C	T
S01_32488050	32488050	C	T
S01_32661338	32661338	G	A
S01_32720452	32720452	G	A
S01_32938027	32938027	G	A
S01_33215281	33215281	A	G
S01_33267188	33267188	C	T
S01_33493553	33493553	T	C
S01_33525724	33525724	T	G
S01_33575794	33575794	G	A
S01_33687405	33687405	C	T
S01_33756196	33756196	C	T
S01_33771518	33771518	A	T
S01_33790821	33790821	C	T
S01_34093983	34093983	G	A
S01_34095597	34095597	G	C
S01_34125269	34125269	T	C
S01_34130913	34130913	G	C
S01_34144521	34144521	G	A
S01_34459584	34459584	C	T
S01_34489984	34489984	C	T
S01_34557616	34557616	A	G
S01_34716581	34716581	G	A
S01_34730086	34730086	C	T
S01_34735459	34735459	G	C
S01_34738518	34738518	G	A
S01_34746668	34746668	T	C
S01_34758432	34758432	T	C
S01_34763614	34763614	C	G
S01_34786268	34786268	T	A
S01_34831719	34831719	G	A
S01_34882926	34882926	T	C
S01_34903693	34903693	T	C
S01_34936950	34936950	C	T
S01_35023460	35023460	T	A
S01_35084889	35084889	G	T
S01_35377277	35377277	C	G
S01_35394768	35394768	G	A
S01_35432158	35432158	T	C
S01_35510765	35510765	G	A
S01_35993658	35993658	C	T
S01_36151922	36151922	G	T
S01_36167761	36167761	C	G
S01_36212009	36212009	A	C
S01_36308225	36308225	G	A
S01_36347375	36347375	G	A
S01_36348559	36348559	G	A
S01_36367071	36367071	C	T
S01_36367172	36367172	C	A
S01_36442774	36442774	T	A
S01_36444248	36444248	G	T
S01_36495425	36495425	T	C
S01_36499410	36499410	G	A
S01_36710887	36710887	T	A
S01_36783996	36783996	C	G
S01_36911019	36911019	T	C
S01_36989992	36989992	A	T
S01_36990002	36990002	T	A
S01_37076887	37076887	T	C
S01_37097872	37097872	C	T
S01_37137428	37137428	G	T
S01_37264065	37264065	T	C
S01_37273639	37273639	C	T
S01_37281072	37281072	A	T
S01_37422808	37422808	T	C
S01_37443633	37443633	T	G
S01_37516555	37516555	C	G
S01_37707473	37707473	T	C
S01_37708234	37708234	C	T
S01_37721315	37721315	G	A
S01_37726155	37726155	T	A
S01_37728351	37728351	A	G
S01_37742621	37742621	G	A
S01_37775551	37775551	C	G
S01_37779523	37779523	C	T
S01_37783100	37783100	A	G
S01_37785681	37785681	T	C
S01_37827983	37827983	G	A
S01_37841674	37841674	G	A
S01_37844674	37844674	C	T
S01_37879582	37879582	C	T
S01_37958437	37958437	C	T
S01_38041596	38041596	C	T
S01_38077721	38077721	C	T
S01_38085211	38085211	C	T
S01_38085244	38085244	A	G
S01_38137132	38137132	G	A
S01_38191983	38191983	A	G
S01_38204058	38204058	G	A
S01_38246545	38246545	C	T
S01_38261698	38261698	A	G
S01_38447443	38447443	A	T
S01_38473167	38473167	G	T
S01_38491709	38491709	A	G
S01_38540990	38540990	T	C
S01_38547233	38547233	G	T
S01_38563538	38563538	C	G
S01_38596042	38596042	T	C
S01_38641612	38641612	C	T
S01_38734083	38734083	G	A
S01_38734727	38734727	G	A
S01_38871870	38871870	C	T
S01_39026343	39026343	G	A
S01_39033115	39033115	T	C
S01_39081700	39081700	T	C
S01_39138026	39138026	C	G
S01_39194714	39194714	G	A
S01_39525894	39525894	C	T
S01_39782081	39782081	C	T
S01_39827172	39827172	C	T
S01_39942418	39942418	C	T
S01_40081630	40081630	G	A
S01_40136342	40136342	G	A
S01_40395878	40395878	T	A
S01_40462811	40462811	G	A
S01_40551147	40551147	G	A
S01_40579163	40579163	C	T
S01_40687311	40687311	T	A
S01_45619676	45619676	G	A
S01_45640829	45640829	G	T
S01_45698112	45698112	A	G
S01_45702745	45702745	A	G
S01_45739757	45739757	T	C
S01_45751810	45751810	T	C
S01_45798028	45798028	C	T
S01_45818949	45818949	G	C
S01_45840286	45840286	A	T
S01_45843041	45843041	C	G
S01_45959687	45959687	A	G
S01_45966560	45966560	A	T
S01_45974123	45974123	A	T
S01_46011854	46011854	A	G
S01_46012976	46012976	G	A
S01_46013006	46013006	G	T
S01_46059151	46059151	C	T
S01_46126948	46126948	T	C
S01_46129769	46129769	A	T
S01_46154552	46154552	C	G
S01_46241163	46241163	T	C
S01_46256806	46256806	C	T
S01_46447814	46447814	C	A
S01_46450116	46450116	A	G
S01_46491701	46491701	C	T
S01_46507669	46507669	G	A
S01_46527564	46527564	T	C
S01_46597068	46597068	C	T
S01_46602736	46602736	C	T
S01_46779995	46779995	C	T
S01_46793775	46793775	C	T
S01_47169399	47169399	G	A
S01_47351344	47351344	C	T
S01_47360746	47360746	G	A
S01_47384696	47384696	C	G
S01_47414214	47414214	G	C
S01_47433831	47433831	C	A
S01_47536037	47536037	C	A
S01_47635594	47635594	G	A
S01_47639659	47639659	A	C
S01_47660353	47660353	C	T
S01_47787288	47787288	T	C
S01_47841621	47841621	C	T
S01_47864180	47864180	G	A
S01_48045292	48045292	G	A
S01_48128677	48128677	G	A
S01_48251978	48251978	C	T
S01_48385014	48385014	G	A
S01_48399053	48399053	A	T
S01_48399134	48399134	G	A
S01_48403296	48403296	C	T
S01_48403434	48403434	C	T
S01_48493134	48493134	G	A
S01_48505216	48505216	G	A
S01_48505461	48505461	C	T
S01_48581954	48581954	C	T
S01_48582477	48582477	T	C
S01_48596093	48596093	C	T
S01_48607239	48607239	T	C
S01_48772608	48772608	C	T
S01_48834779	48834779	C	T
S01_49002681	49002681	G	A
S01_49065786	49065786	C	T
S01_49129051	49129051	G	A
S01_49135815	49135815	T	C
S01_49137686	49137686	C	G
S01_49158150	49158150	G	A
S01_49337855	49337855	T	C
S01_49472845	49472845	G	A
S01_49488454	49488454	C	T
S01_49511716	49511716	T	C
S01_49551376	49551376	G	A
S01_49551395	49551395	A	G
S01_49594367	49594367	A	G
S01_49594446	49594446	A	C
S01_49715826	49715826	G	T
S01_49824814	49824814	G	T
S01_49825492	49825492	G	A
S01_49841563	49841563	G	A
S01_49932264	49932264	C	T
S01_49957706	49957706	C	G
S01_49964789	49964789	C	T
S01_49976810	49976810	A	T
S01_49980679	49980679	G	A
S01_50023054	50023054	C	T
S01_50027052	50027052	T	A
S01_50036180	50036180	A	G
S01_50038803	50038803	G	A
S01_50038818	50038818	C	T
S01_50130917	50130917	C	A
S01_50175667	50175667	T	C
S01_50306423	50306423	G	C
S01_50308078	50308078	C	T
S01_50331665	50331665	G	A
S01_50383553	50383553	C	T
S01_50385626	50385626	T	G
S01_50388590	50388590	C	G
S01_50390096	50390096	C	T
S01_50492414	50492414	C	T
S01_50502507	50502507	T	C
S01_50614612	50614612	C	G
S01_50642518	50642518	G	A
S01_50762429	50762429	C	A
S01_50783756	50783756	C	T
S01_50834968	50834968	C	T
S01_50947107	50947107	T	C
S01_50973924	50973924	G	A
S01_50981300	50981300	G	A
S01_50987808	50987808	G	A
S01_51098408	51098408	G	A
S01_51246422	51246422	C	G
S01_51304918	51304918	C	T
S01_51358716	51358716	G	T
S01_51453826	51453826	G	C
S01_51575807	51575807	G	A
S01_51623297	51623297	G	C
S01_51623914	51623914	A	C
S01_51703282	51703282	A	G
S01_51740751	51740751	A	G
S01_51760338	51760338	T	C
S01_51830860	51830860	G	A
S01_51876494	51876494	T	G
S01_51984932	51984932	A	T
S01_52000807	52000807	C	T
S01_52274922	52274922	T	C
S01_52378138	52378138	C	T
S01_52380760	52380760	C	T
S01_52434179	52434179	C	G
S01_52810422	52810422	C	T
S01_52810438	52810438	C	T
S01_52818624	52818624	A	G
S01_52820664	52820664	G	T
S01_52858690	52858690	C	T
S01_52888640	52888640	G	A
S01_53048547	53048547	G	A
S01_53073076	53073076	G	T
S01_53082161	53082161	T	C
S01_53115665	53115665	T	C
S01_53155854	53155854	G	T
S01_53411803	53411803	T	C
S01_53458611	53458611	G	A
S01_53464096	53464096	T	A
S01_53474499	53474499	T	C
S01_53478958	53478958	T	A
S01_53488051	53488051	T	C
S01_53656868	53656868	C	T
S01_53660197	53660197	G	A
S01_53696179	53696179	G	A
S01_53767963	53767963	A	C
S01_53812214	53812214	A	G
S01_53813071	53813071	G	A
S01_53816566	53816566	A	G
S01_53858150	53858150	C	T
S01_53876208	53876208	C	T
S01_53887505	53887505	T	C
S01_53981635	53981635	T	C
S01_54021728	54021728	T	C
S01_54031541	54031541	A	C
S01_54236390	54236390	G	A
S01_54347681	54347681	C	T
S01_54474397	54474397	T	C
S01_54501192	54501192	G	A
S01_54535370	54535370	C	A
S01_54577590	54577590	A	G
S01_54676927	54676927	G	A
S01_54698397	54698397	A	G
S01_54721839	54721839	G	C
S01_54732936	54732936	A	C
S01_54763622	54763622	G	C
S01_54850559	54850559	C	T
S01_54851649	54851649	C	T
S01_54986671	54986671	C	T
S01_55003943	55003943	A	G
S01_55026065	55026065	C	T
S01_55173289	55173289	T	C
S01_55329675	55329675	A	G
S01_55337484	55337484	C	T
S01_55487880	55487880	C	T
S01_55512406	55512406	A	G
S01_55519758	55519758	A	G
S01_55595682	55595682	T	A
S01_55639041	55639041	A	G
S01_55657071	55657071	T	A
S01_55812854	55812854	T	C
S01_55899413	55899413	C	T
S01_56073317	56073317	C	T
S01_56319374	56319374	C	A
S01_56360161	56360161	T	C
S01_56360851	56360851	A	G
S01_56563629	56563629	C	T
S01_56674407	56674407	T	C
S01_56811690	56811690	A	G
S01_57010025	57010025	C	G
S01_57030813	57030813	T	C
S01_57030827	57030827	C	G
S01_57124855	57124855	T	A
S01_57196475	57196475	C	T
S01_57204829	57204829	A	G
S01_57319478	57319478	C	T
S01_57375665	57375665	G	C
S01_57452125	57452125	T	G
S01_57484028	57484028	G	A
S01_57523663	57523663	G	A
S01_57546017	57546017	C	T
S01_57553978	57553978	G	A
S01_57605893	57605893	G	A
S01_57605922	57605922	T	C
S01_57728747	57728747	T	C
S01_57772400	57772400	C	T
S01_57900347	57900347	C	A
S01_57914704	57914704	T	C
S01_58192186	58192186	G	A
S01_58197000	58197000	G	A
S01_58198962	58198962	C	G
S01_58249580	58249580	G	A
S01_58289630	58289630	A	G
S01_58360304	58360304	C	G
S01_58393564	58393564	C	T
S01_58508827	58508827	T	C
S01_58513315	58513315	C	A
S01_58520021	58520021	C	A
S01_58560015	58560015	T	C
S01_58705306	58705306	T	C
S01_58705350	58705350	C	G
S01_58803840	58803840	T	C
S01_58811100	58811100	C	T
S01_58882627	58882627	C	T
S01_58887694	58887694	T	C
S01_58908833	58908833	G	A
S01_58947781	58947781	G	A
S01_58987987	58987987	C	T
S01_59014352	59014352	T	C
S01_59118061	59118061	C	T
S01_59180503	59180503	G	A
S01_59321312	59321312	G	C
S01_59321350	59321350	C	T
S01_59354332	59354332	A	T
S01_59360567	59360567	C	T
S01_59374823	59374823	A	G
S01_59386816	59386816	T	C
S01_59390648	59390648	C	T
S01_59437555	59437555	G	C
S01_59477118	59477118	T	C
S01_59487698	59487698	A	G
S01_59488510	59488510	T	C
S01_59518769	59518769	G	A
S01_59583554	59583554	T	C
S01_59682193	59682193	G	A
S01_59699882	59699882	G	A
S01_59848102	59848102	C	T
S01_59890267	59890267	A	T
S01_60010061	60010061	G	A
S01_60021896	60021896	G	A
S01_60022007	60022007	G	A
S01_60257593	60257593	T	C
S01_60318660	60318660	A	G
S01_60532342	60532342	T	G
S01_60579411	60579411	A	G
S01_60674573	60674573	T	G
S01_60676177	60676177	A	C
S01_60776029	60776029	T	A
S01_60816459	60816459	C	T
S01_60853695	60853695	G	A
S01_61146754	61146754	A	T
S01_61169286	61169286	T	G
S01_61169371	61169371	G	A
S01_61207166	61207166	G	C
S01_61313035	61313035	A	G
S01_61425263	61425263	G	A
S01_61434362	61434362	C	T
S01_61690686	61690686	A	G
S01_61791932	61791932	G	A
S01_61792065	61792065	G	A
S01_61794347	61794347	T	C
S01_61808744	61808744	G	A
S01_61852541	61852541	T	A
S01_61859836	61859836	G	A
S01_61992078	61992078	C	T
S01_62005478	62005478	A	T
S01_62197296	62197296	T	C
S01_62198319	62198319	A	C
S01_62232944	62232944	T	A
S01_62336225	62336225	G	A
S01_62423524	62423524	G	C
S01_62547815	62547815	T	C
S01_62606063	62606063	A	G
S01_62705336	62705336	C	A
S01_62716107	62716107	G	A
S01_62863295	62863295	A	T
S01_63208821	63208821	G	A
S01_63236265	63236265	T	C
S01_63355471	63355471	T	G
S01_63452538	63452538	A	G
S01_63477937	63477937	A	G
S01_63529565	63529565	C	T
S01_63534390	63534390	C	T
S01_63569806	63569806	T	C
S01_63569839	63569839	G	A
S01_63597605	63597605	G	A
S01_63766695	63766695	A	G
S01_63783923	63783923	C	T
S01_63849704	63849704	A	G
S01_63850483	63850483	C	T
S01_63958105	63958105	T	C
S01_63987604	63987604	T	G
S01_64052158	64052158	T	A
S01_64121790	64121790	A	T
S01_64447673	64447673	T	G
S01_64480055	64480055	T	C
S01_64550310	64550310	A	G
S01_64550582	64550582	C	G
S01_64550710	64550710	G	A
S01_64550904	64550904	T	C
S01_64650778	64650778	C	T
S01_64660224	64660224	A	C
S01_64704102	64704102	G	C
S01_64966408	64966408	T	A
S01_65030976	65030976	C	T
S01_65065087	65065087	T	C
S01_65189458	65189458	C	T
S01_65189515	65189515	G	A
S01_65197782	65197782	A	G
S01_65212621	65212621	G	A
S01_65284797	65284797	T	C
S01_65895286	65895286	C	T
S01_65988214	65988214	G	A
S01_66026028	66026028	A	G
S01_66038045	66038045	C	A
S01_66072636	66072636	A	G
S01_66170633	66170633	T	A
S01_66359097	66359097	G	A
S01_66566890	66566890	T	G
S01_66642520	66642520	C	A
S01_66650925	66650925	C	T
S01_66651102	66651102	C	G
S01_66651374	66651374	T	A
S01_66685192	66685192	A	T
S01_66712687	66712687	A	C
S01_66735582	66735582	G	A
S01_66775550	66775550	A	G
S01_66782009	66782009	C	T
S01_66785363	66785363	T	A
S01_66827648	66827648	C	T
S01_66827800	66827800	C	T
S01_66830385	66830385	G	T
S01_66981115	66981115	A	G
S01_66981708	66981708	C	G
S01_67065584	67065584	T	C
S01_67181993	67181993	G	T
S01_67225659	67225659	T	G
S01_67495725	67495725	T	C
S01_67679451	67679451	G	A
S01_67711439	67711439	A	G
S01_67765241	67765241	C	T
S01_67803204	67803204	T	C
S01_67908710	67908710	A	G
S01_68154411	68154411	C	G
S01_68182243	68182243	G	A
S01_68240729	68240729	A	G
S01_68439575	68439575	G	C
S01_68459831	68459831	A	G
S01_68475211	68475211	T	C
S01_68662800	68662800	G	T
S01_68667062	68667062	G	A
S01_68788069	68788069	G	A
S01_69068581	69068581	T	G
S01_69115743	69115743	C	T
S01_69147246	69147246	T	C
S01_69446553	69446553	A	G
S01_69752762	69752762	T	C
S01_69977652	69977652	C	T
S01_70016310	70016310	T	G
S01_70060540	70060540	A	C
S01_70092359	70092359	G	A
S01_70499283	70499283	T	C
S01_70879540	70879540	T	A
S01_70979048	70979048	G	A
S01_71025883	71025883	C	T
S01_71190773	71190773	G	A
S01_71305625	71305625	C	A
S01_71371596	71371596	C	T
S01_71423833	71423833	G	C
S01_71493711	71493711	A	C
S01_71594331	71594331	G	A
S01_71642029	71642029	T	A
S01_72265433	72265433	G	A
S01_72489792	72489792	C	A
S01_72623579	72623579	T	C
S01_72691948	72691948	T	C
S01_72692851	72692851	A	C
S01_72729550	72729550	G	A
S01_72938169	72938169	G	T
S01_73216277	73216277	C	G
S01_73295796	73295796	G	A
S01_73340513	73340513	G	T
S01_73390086	73390086	G	A
S01_73524147	73524147	G	T
S01_73640573	73640573	C	T
S01_73648275	73648275	A	C
S01_73671363	73671363	A	C
S01_73743858	73743858	G	C
S01_73789196	73789196	C	T
S01_73817932	73817932	G	A
S01_73854432	73854432	C	T
S01_73877462	73877462	A	G
S01_73949143	73949143	A	G
S01_73980477	73980477	T	C
S01_74149777	74149777	T	G
S01_74282035	74282035	C	A
S01_74282051	74282051	T	C
S01_74712261	74712261	G	A
S01_74812475	74812475	T	C
S01_74900667	74900667	A	G
S01_74901688	74901688	G	A
S01_74974364	74974364	C	T
S01_75040738	75040738	T	G
S01_75135727	75135727	A	T
S01_75294644	75294644	A	C
S01_75337098	75337098	T	C
S01_75697399	75697399	T	A
S01_76025809	76025809	C	G
S01_76115228	76115228	G	A
S01_76123028	76123028	T	C
S01_76258863	76258863	G	C
S01_76353280	76353280	C	G
S01_76438070	76438070	A	G
S01_76492364	76492364	T	G
S01_76722540	76722540	G	C
S01_76775101	76775101	G	C
S01_76806775	76806775	G	A
S01_76850483	76850483	C	A
S01_76923164	76923164	C	T
S01_77009507	77009507	A	G
S01_77155479	77155479	G	C
S01_77197170	77197170	C	T
S01_77566931	77566931	C	G
S01_77657212	77657212	T	C
S01_77676061	77676061	T	A
S01_77861911	77861911	T	G
S01_78009415	78009415	T	G
S01_78178260	78178260	G	C
S01_78418761	78418761	A	G
S01_78561073	78561073	G	C
S01_78565888	78565888	G	T
S01_78619379	78619379	A	C
S01_78646015	78646015	C	A
S01_78747979	78747979	C	A
S01_78754903	78754903	T	C
S01_78819642	78819642	T	C
S01_78928300	78928300	G	T
S01_78948307	78948307	A	G
S01_79053216	79053216	A	G
S01_79103728	79103728	G	A
S01_79196922	79196922	T	G
S01_79350620	79350620	C	A
S01_79386208	79386208	T	C
S01_79406981	79406981	T	G
S01_79583696	79583696	G	C
S01_79616933	79616933	A	G
S01_79659436	79659436	A	T
S01_79722382	79722382	C	T
S01_79728308	79728308	G	A
S01_79743857	79743857	G	A
S01_79793717	79793717	C	G
S01_79794232	79794232	C	A
S01_79825658	79825658	C	T
S01_79828482	79828482	A	G
S01_79838193	79838193	C	T
S01_80108260	80108260	A	G
S01_80155855	80155855	T	C
S01_80216230	80216230	C	T
S01_80251618	80251618	G	C
S01_80251636	80251636	T	C
S01_80478362	80478362	C	T
S01_80544705	80544705	C	G
